molecule_chembl_id,molecule_name,target_chembl_id,target_name,standard_value,standard_units,standard_type
CHEMBL1446,KANAMYCIN SULFATE,CHEMBL354,Escherichia coli,3.9,ug.mL-1,MIC
CHEMBL78569,,CHEMBL354,Escherichia coli,1.56,ug.mL-1,MIC
CHEMBL309514,,CHEMBL354,Escherichia coli,6.25,ug.mL-1,MIC
CHEMBL96258,,CHEMBL354,Escherichia coli,0.1,ug.mL-1,MIC
CHEMBL96258,,CHEMBL354,Escherichia coli,0.1,ug.mL-1,MIC
CHEMBL275216,,CHEMBL354,Escherichia coli,0.1,ug.mL-1,MIC
CHEMBL15353,,CHEMBL354,Escherichia coli,0.05,ug.mL-1,MIC
CHEMBL15322,,CHEMBL354,Escherichia coli,0.05,ug.mL-1,MIC
CHEMBL279854,,CHEMBL354,Escherichia coli,0.4,ug.mL-1,MIC
CHEMBL2367615,,CHEMBL354,Escherichia coli,8.0,ug.mL-1,MIC
CHEMBL6299,,CHEMBL354,Escherichia coli,3.1,ug.mL-1,MIC
CHEMBL6299,,CHEMBL354,Escherichia coli,1.6,ug.mL-1,MIC
CHEMBL420217,,CHEMBL354,Escherichia coli,1.56,ug.mL-1,MIC
CHEMBL311411,,CHEMBL354,Escherichia coli,1.56,ug.mL-1,MIC
CHEMBL309606,,CHEMBL354,Escherichia coli,1.56,ug.mL-1,MIC
CHEMBL47891,,CHEMBL354,Escherichia coli,0.03,ug.mL-1,MIC
CHEMBL47891,,CHEMBL354,Escherichia coli,0.03,ug.mL-1,MIC
CHEMBL48072,,CHEMBL354,Escherichia coli,0.25,ug.mL-1,MIC
CHEMBL48072,,CHEMBL354,Escherichia coli,0.03,ug.mL-1,MIC
CHEMBL15362,,CHEMBL354,Escherichia coli,0.1,ug.mL-1,MIC
CHEMBL15347,,CHEMBL354,Escherichia coli,0.1,ug.mL-1,MIC
CHEMBL15345,,CHEMBL354,Escherichia coli,0.4,ug.mL-1,MIC
CHEMBL15389,,CHEMBL354,Escherichia coli,0.8,ug.mL-1,MIC
CHEMBL275411,,CHEMBL354,Escherichia coli,1.6,ug.mL-1,MIC
CHEMBL407311,,CHEMBL354,Escherichia coli,16.0,ug.mL-1,MIC
CHEMBL285521,,CHEMBL354,Escherichia coli,8.0,ug.mL-1,MIC
CHEMBL141308,,CHEMBL354,Escherichia coli,0.06,ug.mL-1,MIC
CHEMBL141308,,CHEMBL354,Escherichia coli,0.03,ug.mL-1,MIC
CHEMBL277730,,CHEMBL354,Escherichia coli,0.4,ug.mL-1,MIC
CHEMBL14851,,CHEMBL354,Escherichia coli,0.2,ug.mL-1,MIC
CHEMBL277100,TEMAFLOXACIN,CHEMBL354,Escherichia coli,0.1,ug.mL-1,MIC
CHEMBL15314,,CHEMBL354,Escherichia coli,0.05,ug.mL-1,MIC
CHEMBL276583,,CHEMBL354,Escherichia coli,0.013,ug.mL-1,MIC
CHEMBL2367613,,CHEMBL354,Escherichia coli,8.0,ug.mL-1,MIC
CHEMBL344476,,CHEMBL354,Escherichia coli,1.0,ug.mL-1,MIC
CHEMBL344476,,CHEMBL354,Escherichia coli,1.0,ug.mL-1,MIC
CHEMBL45890,,CHEMBL354,Escherichia coli,0.125,ug.mL-1,MIC
CHEMBL45890,,CHEMBL354,Escherichia coli,0.125,ug.mL-1,MIC
CHEMBL6210,PD-117558,CHEMBL354,Escherichia coli,0.05,ug.mL-1,MIC
CHEMBL278184,,CHEMBL354,Escherichia coli,0.1,ug.mL-1,MIC
CHEMBL15357,,CHEMBL354,Escherichia coli,0.2,ug.mL-1,MIC
CHEMBL275174,,CHEMBL354,Escherichia coli,0.025,ug.mL-1,MIC
CHEMBL418355,,CHEMBL354,Escherichia coli,0.05,ug.mL-1,MIC
CHEMBL15524,,CHEMBL354,Escherichia coli,0.4,ug.mL-1,MIC
CHEMBL416220,,CHEMBL354,Escherichia coli,16.0,ug.mL-1,MIC
CHEMBL6282,,CHEMBL354,Escherichia coli,0.8,ug.mL-1,MIC
CHEMBL6282,,CHEMBL354,Escherichia coli,0.8,ug.mL-1,MIC
CHEMBL82421,,CHEMBL354,Escherichia coli,0.2,ug.mL-1,MIC
CHEMBL79127,,CHEMBL354,Escherichia coli,1.56,ug.mL-1,MIC
CHEMBL311588,,CHEMBL354,Escherichia coli,3.13,ug.mL-1,MIC
CHEMBL310052,,CHEMBL354,Escherichia coli,0.39,ug.mL-1,MIC
CHEMBL343748,,CHEMBL354,Escherichia coli,0.03,ug.mL-1,MIC
CHEMBL343748,,CHEMBL354,Escherichia coli,0.03,ug.mL-1,MIC
CHEMBL140068,,CHEMBL354,Escherichia coli,0.06,ug.mL-1,MIC
CHEMBL140068,,CHEMBL354,Escherichia coli,0.03,ug.mL-1,MIC
CHEMBL429961,,CHEMBL354,Escherichia coli,0.05,ug.mL-1,MIC
CHEMBL15142,,CHEMBL354,Escherichia coli,0.05,ug.mL-1,MIC
CHEMBL15071,,CHEMBL354,Escherichia coli,0.1,ug.mL-1,MIC
CHEMBL14971,,CHEMBL354,Escherichia coli,0.2,ug.mL-1,MIC
CHEMBL15241,,CHEMBL354,Escherichia coli,0.2,ug.mL-1,MIC
CHEMBL2367601,,CHEMBL354,Escherichia coli,4.0,ug.mL-1,MIC
CHEMBL433772,,CHEMBL354,Escherichia coli,1250.0,ug.mL-1,MIC
CHEMBL8,CIPROFLOXACIN,CHEMBL354,Escherichia coli,0.019,ug.mL-1,MIC
CHEMBL268887,,CHEMBL354,Escherichia coli,0.1,ug.mL-1,MIC
CHEMBL268887,,CHEMBL354,Escherichia coli,0.8,ug.mL-1,MIC
CHEMBL81210,,CHEMBL354,Escherichia coli,0.2,ug.mL-1,MIC
CHEMBL309972,,CHEMBL354,Escherichia coli,0.78,ug.mL-1,MIC
CHEMBL319323,,CHEMBL354,Escherichia coli,0.1,ug.mL-1,MIC
CHEMBL319323,,CHEMBL354,Escherichia coli,0.1,ug.mL-1,MIC
CHEMBL275395,,CHEMBL354,Escherichia coli,0.1,ug.mL-1,MIC
CHEMBL15464,,CHEMBL354,Escherichia coli,0.013,ug.mL-1,MIC
CHEMBL15028,,CHEMBL354,Escherichia coli,0.1,ug.mL-1,MIC
CHEMBL8137,,CHEMBL354,Escherichia coli,128.0,ug.mL-1,MIC
CHEMBL6273,FLEROXACIN,CHEMBL354,Escherichia coli,0.1,ug.mL-1,MIC
CHEMBL6273,FLEROXACIN,CHEMBL354,Escherichia coli,0.2,ug.mL-1,MIC
CHEMBL6287,,CHEMBL354,Escherichia coli,0.1,ug.mL-1,MIC
CHEMBL6287,,CHEMBL354,Escherichia coli,0.4,ug.mL-1,MIC
CHEMBL419287,,CHEMBL354,Escherichia coli,3.13,ug.mL-1,MIC
CHEMBL94959,,CHEMBL354,Escherichia coli,0.39,ug.mL-1,MIC
CHEMBL94959,,CHEMBL354,Escherichia coli,0.39,ug.mL-1,MIC
CHEMBL46664,,CHEMBL354,Escherichia coli,0.06,ug.mL-1,MIC
CHEMBL46664,,CHEMBL354,Escherichia coli,0.03,ug.mL-1,MIC
CHEMBL279853,,CHEMBL354,Escherichia coli,0.2,ug.mL-1,MIC
CHEMBL15426,,CHEMBL354,Escherichia coli,0.1,ug.mL-1,MIC
CHEMBL15373,,CHEMBL354,Escherichia coli,0.4,ug.mL-1,MIC
CHEMBL274980,,CHEMBL354,Escherichia coli,0.4,ug.mL-1,MIC
CHEMBL2367599,,CHEMBL354,Escherichia coli,2.0,ug.mL-1,MIC
CHEMBL702,PIPERACILLIN,CHEMBL354,Escherichia coli,2.0,ug.mL-1,MIC
CHEMBL702,PIPERACILLIN,CHEMBL354,Escherichia coli,64.0,ug.mL-1,MIC
CHEMBL702,PIPERACILLIN,CHEMBL354,Escherichia coli,64.0,ug.mL-1,MIC
CHEMBL702,PIPERACILLIN,CHEMBL354,Escherichia coli,4.0,ug.mL-1,MIC
CHEMBL702,PIPERACILLIN,CHEMBL354,Escherichia coli,64.0,ug.mL-1,MIC
CHEMBL702,PIPERACILLIN,CHEMBL354,Escherichia coli,64.0,ug.mL-1,MIC
CHEMBL702,PIPERACILLIN,CHEMBL354,Escherichia coli,32.0,ug.mL-1,MIC
CHEMBL702,PIPERACILLIN,CHEMBL354,Escherichia coli,64.0,ug.mL-1,MIC
CHEMBL702,PIPERACILLIN,CHEMBL354,Escherichia coli,64.0,ug.mL-1,MIC
CHEMBL702,PIPERACILLIN,CHEMBL354,Escherichia coli,64.0,ug.mL-1,MIC
CHEMBL702,PIPERACILLIN,CHEMBL354,Escherichia coli,64.0,ug.mL-1,MIC
CHEMBL702,PIPERACILLIN,CHEMBL354,Escherichia coli,64.0,ug.mL-1,MIC
CHEMBL702,PIPERACILLIN,CHEMBL354,Escherichia coli,64.0,ug.mL-1,MIC
CHEMBL702,PIPERACILLIN,CHEMBL354,Escherichia coli,64.0,ug.mL-1,MIC
CHEMBL702,PIPERACILLIN,CHEMBL354,Escherichia coli,0.06,ug.mL-1,MIC
CHEMBL702,PIPERACILLIN,CHEMBL354,Escherichia coli,64.0,ug.mL-1,MIC
CHEMBL702,PIPERACILLIN,CHEMBL354,Escherichia coli,0.06,ug.mL-1,MIC
CHEMBL702,PIPERACILLIN,CHEMBL354,Escherichia coli,64.0,ug.mL-1,MIC
CHEMBL702,PIPERACILLIN,CHEMBL354,Escherichia coli,16.0,ug.mL-1,MIC
CHEMBL702,PIPERACILLIN,CHEMBL354,Escherichia coli,2.0,ug.mL-1,MIC
CHEMBL702,PIPERACILLIN,CHEMBL354,Escherichia coli,64.0,ug.mL-1,MIC
CHEMBL702,PIPERACILLIN,CHEMBL354,Escherichia coli,64.0,ug.mL-1,MIC
CHEMBL702,PIPERACILLIN,CHEMBL354,Escherichia coli,64.0,ug.mL-1,MIC
CHEMBL702,PIPERACILLIN,CHEMBL354,Escherichia coli,64.0,ug.mL-1,MIC
CHEMBL80524,,CHEMBL354,Escherichia coli,6.25,ug.mL-1,MIC
CHEMBL431595,,CHEMBL354,Escherichia coli,0.1,ug.mL-1,MIC
CHEMBL433129,,CHEMBL354,Escherichia coli,0.2,ug.mL-1,MIC
CHEMBL1788210,,CHEMBL354,Escherichia coli,0.39,ug.mL-1,MIC
CHEMBL1788210,,CHEMBL354,Escherichia coli,0.39,ug.mL-1,MIC
CHEMBL45586,,CHEMBL354,Escherichia coli,0.03,ug.mL-1,MIC
CHEMBL45586,,CHEMBL354,Escherichia coli,0.03,ug.mL-1,MIC
CHEMBL125318,,CHEMBL354,Escherichia coli,0.03,ug.mL-1,MIC
CHEMBL125318,,CHEMBL354,Escherichia coli,0.03,ug.mL-1,MIC
CHEMBL15210,,CHEMBL354,Escherichia coli,0.4,ug.mL-1,MIC
CHEMBL278008,,CHEMBL354,Escherichia coli,0.013,ug.mL-1,MIC
CHEMBL81351,,CHEMBL354,Escherichia coli,1.56,ug.mL-1,MIC
CHEMBL309630,,CHEMBL354,Escherichia coli,3.13,ug.mL-1,MIC
CHEMBL15532,,CHEMBL354,Escherichia coli,0.05,ug.mL-1,MIC
CHEMBL275359,,CHEMBL354,Escherichia coli,0.025,ug.mL-1,MIC
CHEMBL15224,,CHEMBL354,Escherichia coli,0.1,ug.mL-1,MIC
CHEMBL14866,,CHEMBL354,Escherichia coli,0.4,ug.mL-1,MIC
CHEMBL14894,,CHEMBL354,Escherichia coli,3.1,ug.mL-1,MIC
CHEMBL2367644,,CHEMBL354,Escherichia coli,8.0,ug.mL-1,MIC
CHEMBL385602,,CHEMBL354,Escherichia coli,64.0,ug.mL-1,MIC
CHEMBL34134,,CHEMBL354,Escherichia coli,32.0,ug.mL-1,MIC
CHEMBL287780,,CHEMBL354,Escherichia coli,62.5,ug.mL-1,MIC
CHEMBL771,CYCLOSERINE,CHEMBL354,Escherichia coli,0.25,ug.mL-1,MIC
CHEMBL771,CYCLOSERINE,CHEMBL354,Escherichia coli,0.5,ug.mL-1,MIC
CHEMBL771,CYCLOSERINE,CHEMBL354,Escherichia coli,32.0,ug.mL-1,MIC
CHEMBL771,CYCLOSERINE,CHEMBL354,Escherichia coli,128.0,ug.mL-1,MIC
CHEMBL529,AZITHROMYCIN,CHEMBL354,Escherichia coli,1.56,ug.mL-1,MIC
CHEMBL309642,,CHEMBL354,Escherichia coli,1.56,ug.mL-1,MIC
CHEMBL139107,,CHEMBL354,Escherichia coli,0.125,ug.mL-1,MIC
CHEMBL139107,,CHEMBL354,Escherichia coli,0.125,ug.mL-1,MIC
CHEMBL14919,,CHEMBL354,Escherichia coli,0.025,ug.mL-1,MIC
CHEMBL15416,,CHEMBL354,Escherichia coli,0.1,ug.mL-1,MIC
CHEMBL15511,ENROFLOXACIN,CHEMBL354,Escherichia coli,0.05,ug.mL-1,MIC
CHEMBL15465,,CHEMBL354,Escherichia coli,0.2,ug.mL-1,MIC
CHEMBL6265,,CHEMBL354,Escherichia coli,0.8,ug.mL-1,MIC
CHEMBL6265,,CHEMBL354,Escherichia coli,3.1,ug.mL-1,MIC
CHEMBL330153,,CHEMBL354,Escherichia coli,0.2,ug.mL-1,MIC
CHEMBL330153,,CHEMBL354,Escherichia coli,0.2,ug.mL-1,MIC
CHEMBL139580,,CHEMBL354,Escherichia coli,2.0,ug.mL-1,MIC
CHEMBL139580,,CHEMBL354,Escherichia coli,0.03,ug.mL-1,MIC
CHEMBL139440,,CHEMBL354,Escherichia coli,64.0,ug.mL-1,MIC
CHEMBL139440,,CHEMBL354,Escherichia coli,64.0,ug.mL-1,MIC
CHEMBL15087,,CHEMBL354,Escherichia coli,0.05,ug.mL-1,MIC
CHEMBL15531,,CHEMBL354,Escherichia coli,0.1,ug.mL-1,MIC
CHEMBL15089,,CHEMBL354,Escherichia coli,0.1,ug.mL-1,MIC
CHEMBL14714,,CHEMBL354,Escherichia coli,0.1,ug.mL-1,MIC
CHEMBL416160,,CHEMBL354,Escherichia coli,0.4,ug.mL-1,MIC
CHEMBL15335,,CHEMBL354,Escherichia coli,0.8,ug.mL-1,MIC
CHEMBL15260,,CHEMBL354,Escherichia coli,0.1,ug.mL-1,MIC
CHEMBL290078,,CHEMBL354,Escherichia coli,2.0,ug.mL-1,MIC
CHEMBL2367626,,CHEMBL354,Escherichia coli,8.0,ug.mL-1,MIC
CHEMBL267628,,CHEMBL354,Escherichia coli,3.1,ug.mL-1,MIC
CHEMBL267628,,CHEMBL354,Escherichia coli,6.3,ug.mL-1,MIC
CHEMBL80958,,CHEMBL354,Escherichia coli,1.56,ug.mL-1,MIC
CHEMBL139445,,CHEMBL354,Escherichia coli,1.0,ug.mL-1,MIC
CHEMBL139445,,CHEMBL354,Escherichia coli,1.0,ug.mL-1,MIC
CHEMBL136779,,CHEMBL354,Escherichia coli,0.125,ug.mL-1,MIC
CHEMBL136779,,CHEMBL354,Escherichia coli,0.03,ug.mL-1,MIC
CHEMBL15372,,CHEMBL354,Escherichia coli,0.1,ug.mL-1,MIC
CHEMBL2367614,,CHEMBL354,Escherichia coli,4.0,ug.mL-1,MIC
CHEMBL2367654,,CHEMBL354,Escherichia coli,8.0,ug.mL-1,MIC
CHEMBL286374,,CHEMBL354,Escherichia coli,8.0,ug.mL-1,MIC
CHEMBL34588,,CHEMBL354,Escherichia coli,16.0,ug.mL-1,MIC
CHEMBL277346,OCTYL_GALLATE,CHEMBL354,Escherichia coli,800.0,ug.mL-1,MIC
CHEMBL311136,,CHEMBL354,Escherichia coli,1.56,ug.mL-1,MIC
CHEMBL138183,,CHEMBL354,Escherichia coli,0.03,ug.mL-1,MIC
CHEMBL138183,,CHEMBL354,Escherichia coli,0.03,ug.mL-1,MIC
CHEMBL15170,,CHEMBL354,Escherichia coli,0.2,ug.mL-1,MIC
CHEMBL15186,,CHEMBL354,Escherichia coli,0.006,ug.mL-1,MIC
CHEMBL430727,,CHEMBL354,Escherichia coli,16.0,ug.mL-1,MIC
CHEMBL2367625,,CHEMBL354,Escherichia coli,16.0,ug.mL-1,MIC
CHEMBL2367611,,CHEMBL354,Escherichia coli,8.0,ug.mL-1,MIC
CHEMBL2348244,TEICOPLANIN AGLYCON,CHEMBL354,Escherichia coli,64.0,ug.mL-1,MIC
CHEMBL2367630,,CHEMBL354,Escherichia coli,128.0,ug.mL-1,MIC
CHEMBL6259,DIFLOXACIN,CHEMBL354,Escherichia coli,0.05,ug.mL-1,MIC
CHEMBL6259,DIFLOXACIN,CHEMBL354,Escherichia coli,0.4,ug.mL-1,MIC
CHEMBL312347,,CHEMBL354,Escherichia coli,1.56,ug.mL-1,MIC
CHEMBL96874,,CHEMBL354,Escherichia coli,0.1,ug.mL-1,MIC
CHEMBL96874,,CHEMBL354,Escherichia coli,0.1,ug.mL-1,MIC
CHEMBL2092912,,CHEMBL354,Escherichia coli,0.2,ug.mL-1,MIC
CHEMBL2092912,,CHEMBL354,Escherichia coli,0.39,ug.mL-1,MIC
CHEMBL335346,,CHEMBL354,Escherichia coli,128.0,ug.mL-1,MIC
CHEMBL335346,,CHEMBL354,Escherichia coli,32.0,ug.mL-1,MIC
CHEMBL47829,,CHEMBL354,Escherichia coli,1.0,ug.mL-1,MIC
CHEMBL47829,,CHEMBL354,Escherichia coli,0.06,ug.mL-1,MIC
CHEMBL139058,,CHEMBL354,Escherichia coli,0.016,ug.mL-1,MIC
CHEMBL139058,,CHEMBL354,Escherichia coli,0.016,ug.mL-1,MIC
CHEMBL124970,,CHEMBL354,Escherichia coli,0.008,ug.mL-1,MIC
CHEMBL124970,,CHEMBL354,Escherichia coli,0.008,ug.mL-1,MIC
CHEMBL141053,,CHEMBL354,Escherichia coli,0.008,ug.mL-1,MIC
CHEMBL141053,,CHEMBL354,Escherichia coli,0.008,ug.mL-1,MIC
CHEMBL15738,,CHEMBL354,Escherichia coli,0.2,ug.mL-1,MIC
CHEMBL15340,,CHEMBL354,Escherichia coli,0.4,ug.mL-1,MIC
CHEMBL15339,,CHEMBL354,Escherichia coli,0.1,ug.mL-1,MIC
CHEMBL15523,,CHEMBL354,Escherichia coli,0.1,ug.mL-1,MIC
CHEMBL274696,,CHEMBL354,Escherichia coli,0.2,ug.mL-1,MIC
CHEMBL437765,RIFAMYCIN,CHEMBL354,Escherichia coli,16.0,ug.mL-1,MIC
CHEMBL2367610,,CHEMBL354,Escherichia coli,128.0,ug.mL-1,MIC
CHEMBL2367657,,CHEMBL354,Escherichia coli,64.0,ug.mL-1,MIC
CHEMBL174,AMPICILLIN,CHEMBL354,Escherichia coli,5.0,ug.mL-1,MIC
CHEMBL15324,,CHEMBL354,Escherichia coli,0.2,ug.mL-1,MIC
CHEMBL277099,,CHEMBL354,Escherichia coli,0.05,ug.mL-1,MIC
CHEMBL263075,,CHEMBL354,Escherichia coli,0.8,ug.mL-1,MIC
CHEMBL263075,,CHEMBL354,Escherichia coli,1.6,ug.mL-1,MIC
CHEMBL1795040,,CHEMBL354,Escherichia coli,2.0,ug.mL-1,MIC
CHEMBL1795040,,CHEMBL354,Escherichia coli,16.0,ug.mL-1,MIC
CHEMBL1795040,,CHEMBL354,Escherichia coli,8.0,ug.mL-1,MIC
CHEMBL1795040,,CHEMBL354,Escherichia coli,8.0,ug.mL-1,MIC
CHEMBL312774,,CHEMBL354,Escherichia coli,0.78,ug.mL-1,MIC
CHEMBL312025,,CHEMBL354,Escherichia coli,0.39,ug.mL-1,MIC
CHEMBL93821,,CHEMBL354,Escherichia coli,0.39,ug.mL-1,MIC
CHEMBL93821,,CHEMBL354,Escherichia coli,0.2,ug.mL-1,MIC
CHEMBL45175,,CHEMBL354,Escherichia coli,0.25,ug.mL-1,MIC
CHEMBL45175,,CHEMBL354,Escherichia coli,0.25,ug.mL-1,MIC
CHEMBL14990,,CHEMBL354,Escherichia coli,0.05,ug.mL-1,MIC
CHEMBL31,GATIFLOXACIN,CHEMBL354,Escherichia coli,0.05,ug.mL-1,MIC
CHEMBL311416,,CHEMBL354,Escherichia coli,6.25,ug.mL-1,MIC
CHEMBL94545,,CHEMBL354,Escherichia coli,0.2,ug.mL-1,MIC
CHEMBL94545,,CHEMBL354,Escherichia coli,0.2,ug.mL-1,MIC
CHEMBL96147,,CHEMBL354,Escherichia coli,0.2,ug.mL-1,MIC
CHEMBL96147,,CHEMBL354,Escherichia coli,0.39,ug.mL-1,MIC
CHEMBL344447,,CHEMBL354,Escherichia coli,0.03,ug.mL-1,MIC
CHEMBL344447,,CHEMBL354,Escherichia coli,0.03,ug.mL-1,MIC
CHEMBL47601,,CHEMBL354,Escherichia coli,32.0,ug.mL-1,MIC
CHEMBL47601,,CHEMBL354,Escherichia coli,1.0,ug.mL-1,MIC
CHEMBL424288,,CHEMBL354,Escherichia coli,0.03,ug.mL-1,MIC
CHEMBL424288,,CHEMBL354,Escherichia coli,0.03,ug.mL-1,MIC
CHEMBL15391,,CHEMBL354,Escherichia coli,0.013,ug.mL-1,MIC
CHEMBL279381,,CHEMBL354,Escherichia coli,0.2,ug.mL-1,MIC
CHEMBL261939,,CHEMBL354,Escherichia coli,0.8,ug.mL-1,MIC
CHEMBL14960,,CHEMBL354,Escherichia coli,0.4,ug.mL-1,MIC
CHEMBL276812,,CHEMBL354,Escherichia coli,0.05,ug.mL-1,MIC
CHEMBL6276,,CHEMBL354,Escherichia coli,1.6,ug.mL-1,MIC
CHEMBL6276,,CHEMBL354,Escherichia coli,0.8,ug.mL-1,MIC
CHEMBL6210,PD-117558,CHEMBL354,Escherichia coli,0.013,ug.mL-1,MIC
CHEMBL6210,PD-117558,CHEMBL354,Escherichia coli,0.05,ug.mL-1,MIC
CHEMBL303053,,CHEMBL354,Escherichia coli,64.0,ug.mL-1,MIC
CHEMBL303053,,CHEMBL354,Escherichia coli,64.0,ug.mL-1,MIC
CHEMBL303053,,CHEMBL354,Escherichia coli,64.0,ug.mL-1,MIC
CHEMBL303053,,CHEMBL354,Escherichia coli,64.0,ug.mL-1,MIC
CHEMBL303053,,CHEMBL354,Escherichia coli,64.0,ug.mL-1,MIC
CHEMBL303053,,CHEMBL354,Escherichia coli,64.0,ug.mL-1,MIC
CHEMBL303053,,CHEMBL354,Escherichia coli,64.0,ug.mL-1,MIC
CHEMBL303053,,CHEMBL354,Escherichia coli,64.0,ug.mL-1,MIC
CHEMBL303053,,CHEMBL354,Escherichia coli,64.0,ug.mL-1,MIC
CHEMBL303053,,CHEMBL354,Escherichia coli,64.0,ug.mL-1,MIC
CHEMBL303053,,CHEMBL354,Escherichia coli,64.0,ug.mL-1,MIC
CHEMBL303053,,CHEMBL354,Escherichia coli,64.0,ug.mL-1,MIC
CHEMBL303053,,CHEMBL354,Escherichia coli,64.0,ug.mL-1,MIC
CHEMBL303053,,CHEMBL354,Escherichia coli,64.0,ug.mL-1,MIC
CHEMBL303053,,CHEMBL354,Escherichia coli,64.0,ug.mL-1,MIC
CHEMBL303053,,CHEMBL354,Escherichia coli,64.0,ug.mL-1,MIC
CHEMBL303053,,CHEMBL354,Escherichia coli,64.0,ug.mL-1,MIC
CHEMBL303053,,CHEMBL354,Escherichia coli,64.0,ug.mL-1,MIC
CHEMBL303053,,CHEMBL354,Escherichia coli,64.0,ug.mL-1,MIC
CHEMBL303053,,CHEMBL354,Escherichia coli,64.0,ug.mL-1,MIC
CHEMBL303053,,CHEMBL354,Escherichia coli,64.0,ug.mL-1,MIC
CHEMBL303053,,CHEMBL354,Escherichia coli,64.0,ug.mL-1,MIC
CHEMBL303053,,CHEMBL354,Escherichia coli,64.0,ug.mL-1,MIC
CHEMBL303053,,CHEMBL354,Escherichia coli,64.0,ug.mL-1,MIC
CHEMBL82660,,CHEMBL354,Escherichia coli,0.2,ug.mL-1,MIC
CHEMBL343603,,CHEMBL354,Escherichia coli,0.03,ug.mL-1,MIC
CHEMBL343603,,CHEMBL354,Escherichia coli,0.03,ug.mL-1,MIC
CHEMBL15171,,CHEMBL354,Escherichia coli,0.8,ug.mL-1,MIC
CHEMBL15148,,CHEMBL354,Escherichia coli,0.8,ug.mL-1,MIC
CHEMBL273348,TOSUFLOXACIN,CHEMBL354,Escherichia coli,0.025,ug.mL-1,MIC
CHEMBL2367602,,CHEMBL354,Escherichia coli,4.0,ug.mL-1,MIC
CHEMBL2367656,,CHEMBL354,Escherichia coli,8.0,ug.mL-1,MIC
CHEMBL8,CIPROFLOXACIN,CHEMBL354,Escherichia coli,0.025,ug.mL-1,MIC
CHEMBL8,CIPROFLOXACIN,CHEMBL354,Escherichia coli,0.05,ug.mL-1,MIC
CHEMBL302400,,CHEMBL354,Escherichia coli,2.0,ug.mL-1,MIC
CHEMBL302400,,CHEMBL354,Escherichia coli,4.0,ug.mL-1,MIC
CHEMBL302400,,CHEMBL354,Escherichia coli,2.0,ug.mL-1,MIC
CHEMBL302400,,CHEMBL354,Escherichia coli,2.0,ug.mL-1,MIC
CHEMBL302400,,CHEMBL354,Escherichia coli,8.0,ug.mL-1,MIC
CHEMBL302400,,CHEMBL354,Escherichia coli,2.0,ug.mL-1,MIC
CHEMBL302400,,CHEMBL354,Escherichia coli,1.0,ug.mL-1,MIC
CHEMBL302400,,CHEMBL354,Escherichia coli,2.0,ug.mL-1,MIC
CHEMBL302400,,CHEMBL354,Escherichia coli,8.0,ug.mL-1,MIC
CHEMBL302400,,CHEMBL354,Escherichia coli,8.0,ug.mL-1,MIC
CHEMBL302400,,CHEMBL354,Escherichia coli,8.0,ug.mL-1,MIC
CHEMBL302400,,CHEMBL354,Escherichia coli,8.0,ug.mL-1,MIC
CHEMBL302400,,CHEMBL354,Escherichia coli,16.0,ug.mL-1,MIC
CHEMBL302400,,CHEMBL354,Escherichia coli,64.0,ug.mL-1,MIC
CHEMBL302400,,CHEMBL354,Escherichia coli,0.06,ug.mL-1,MIC
CHEMBL302400,,CHEMBL354,Escherichia coli,64.0,ug.mL-1,MIC
CHEMBL302400,,CHEMBL354,Escherichia coli,0.06,ug.mL-1,MIC
CHEMBL302400,,CHEMBL354,Escherichia coli,4.0,ug.mL-1,MIC
CHEMBL302400,,CHEMBL354,Escherichia coli,4.0,ug.mL-1,MIC
CHEMBL302400,,CHEMBL354,Escherichia coli,2.0,ug.mL-1,MIC
CHEMBL302400,,CHEMBL354,Escherichia coli,1.0,ug.mL-1,MIC
CHEMBL302400,,CHEMBL354,Escherichia coli,4.0,ug.mL-1,MIC
CHEMBL302400,,CHEMBL354,Escherichia coli,16.0,ug.mL-1,MIC
CHEMBL302400,,CHEMBL354,Escherichia coli,16.0,ug.mL-1,MIC
CHEMBL311792,,CHEMBL354,Escherichia coli,3.13,ug.mL-1,MIC
CHEMBL310789,,CHEMBL354,Escherichia coli,0.2,ug.mL-1,MIC
CHEMBL312026,,CHEMBL354,Escherichia coli,0.78,ug.mL-1,MIC
CHEMBL421336,,CHEMBL354,Escherichia coli,0.78,ug.mL-1,MIC
CHEMBL416273,,CHEMBL354,Escherichia coli,0.03,ug.mL-1,MIC
CHEMBL416273,,CHEMBL354,Escherichia coli,0.03,ug.mL-1,MIC
CHEMBL48393,,CHEMBL354,Escherichia coli,0.125,ug.mL-1,MIC
CHEMBL48393,,CHEMBL354,Escherichia coli,0.03,ug.mL-1,MIC
CHEMBL137668,,CHEMBL354,Escherichia coli,128.0,ug.mL-1,MIC
CHEMBL137668,,CHEMBL354,Escherichia coli,16.0,ug.mL-1,MIC
CHEMBL15021,,CHEMBL354,Escherichia coli,0.025,ug.mL-1,MIC
CHEMBL15480,,CHEMBL354,Escherichia coli,0.2,ug.mL-1,MIC
CHEMBL174915,,CHEMBL354,Escherichia coli,156.25,ug.mL-1,MIC
CHEMBL9,NORFLOXACIN,CHEMBL354,Escherichia coli,0.1,ug.mL-1,MIC
CHEMBL9,NORFLOXACIN,CHEMBL354,Escherichia coli,0.025,ug.mL-1,MIC
CHEMBL415287,,CHEMBL354,Escherichia coli,0.1,ug.mL-1,MIC
CHEMBL415287,,CHEMBL354,Escherichia coli,0.1,ug.mL-1,MIC
CHEMBL418914,,CHEMBL354,Escherichia coli,3.13,ug.mL-1,MIC
CHEMBL81350,,CHEMBL354,Escherichia coli,3.13,ug.mL-1,MIC
CHEMBL138896,,CHEMBL354,Escherichia coli,0.5,ug.mL-1,MIC
CHEMBL138896,,CHEMBL354,Escherichia coli,0.5,ug.mL-1,MIC
CHEMBL337757,,CHEMBL354,Escherichia coli,64.0,ug.mL-1,MIC
CHEMBL337757,,CHEMBL354,Escherichia coli,4.0,ug.mL-1,MIC
CHEMBL428359,,CHEMBL354,Escherichia coli,0.1,ug.mL-1,MIC
CHEMBL15017,,CHEMBL354,Escherichia coli,0.8,ug.mL-1,MIC
CHEMBL6209,MERAFLOXACIN,CHEMBL354,Escherichia coli,0.1,ug.mL-1,MIC
CHEMBL34861,,CHEMBL354,Escherichia coli,8.0,ug.mL-1,MIC
CHEMBL1757,FOSFOMYCIN,CHEMBL354,Escherichia coli,16.0,ug.mL-1,MIC
CHEMBL310991,,CHEMBL354,Escherichia coli,0.78,ug.mL-1,MIC
CHEMBL309451,,CHEMBL354,Escherichia coli,3.13,ug.mL-1,MIC
CHEMBL310083,,CHEMBL354,Escherichia coli,1.56,ug.mL-1,MIC
CHEMBL15266,,CHEMBL354,Escherichia coli,0.1,ug.mL-1,MIC
CHEMBL278648,,CHEMBL354,Escherichia coli,0.1,ug.mL-1,MIC
CHEMBL273347,,CHEMBL354,Escherichia coli,0.8,ug.mL-1,MIC
CHEMBL2367620,,CHEMBL354,Escherichia coli,16.0,ug.mL-1,MIC
CHEMBL286096,,CHEMBL354,Escherichia coli,32.0,ug.mL-1,MIC
CHEMBL174488,,CHEMBL354,Escherichia coli,1.22,ug.mL-1,MIC
CHEMBL81617,,CHEMBL354,Escherichia coli,0.78,ug.mL-1,MIC
CHEMBL81818,,CHEMBL354,Escherichia coli,6.25,ug.mL-1,MIC
CHEMBL138740,,CHEMBL354,Escherichia coli,4.0,ug.mL-1,MIC
CHEMBL138740,,CHEMBL354,Escherichia coli,4.0,ug.mL-1,MIC
CHEMBL278255,CLINAFLOXACIN,CHEMBL354,Escherichia coli,0.013,ug.mL-1,MIC
CHEMBL14937,,CHEMBL354,Escherichia coli,0.05,ug.mL-1,MIC
CHEMBL15197,,CHEMBL354,Escherichia coli,0.1,ug.mL-1,MIC
CHEMBL285265,,CHEMBL354,Escherichia coli,16.0,ug.mL-1,MIC
CHEMBL2367609,,CHEMBL354,Escherichia coli,64.0,ug.mL-1,MIC
CHEMBL2367631,,CHEMBL354,Escherichia coli,128.0,ug.mL-1,MIC
CHEMBL287132,,CHEMBL354,Escherichia coli,128.0,ug.mL-1,MIC
CHEMBL6289,,CHEMBL354,Escherichia coli,0.4,ug.mL-1,MIC
CHEMBL6289,,CHEMBL354,Escherichia coli,0.4,ug.mL-1,MIC
CHEMBL265664,,CHEMBL354,Escherichia coli,0.2,ug.mL-1,MIC
CHEMBL265664,,CHEMBL354,Escherichia coli,0.8,ug.mL-1,MIC
CHEMBL278190,,CHEMBL354,Escherichia coli,6.25,ug.mL-1,MIC
CHEMBL312016,,CHEMBL354,Escherichia coli,3.13,ug.mL-1,MIC
CHEMBL78693,,CHEMBL354,Escherichia coli,0.1,ug.mL-1,MIC
CHEMBL310887,,CHEMBL354,Escherichia coli,0.2,ug.mL-1,MIC
CHEMBL139236,,CHEMBL354,Escherichia coli,0.03,ug.mL-1,MIC
CHEMBL139236,,CHEMBL354,Escherichia coli,0.03,ug.mL-1,MIC
CHEMBL8,CIPROFLOXACIN,CHEMBL354,Escherichia coli,0.015,ug.mL-1,MIC
CHEMBL8,CIPROFLOXACIN,CHEMBL354,Escherichia coli,0.015,ug.mL-1,MIC
CHEMBL15521,,CHEMBL354,Escherichia coli,0.2,ug.mL-1,MIC
CHEMBL14979,,CHEMBL354,Escherichia coli,3.1,ug.mL-1,MIC
CHEMBL15384,,CHEMBL354,Escherichia coli,0.8,ug.mL-1,MIC
CHEMBL274050,,CHEMBL354,Escherichia coli,0.2,ug.mL-1,MIC
CHEMBL374478,RIFAMPIN,CHEMBL354,Escherichia coli,8.0,ug.mL-1,MIC
CHEMBL2367616,,CHEMBL354,Escherichia coli,4.0,ug.mL-1,MIC
CHEMBL2367655,,CHEMBL354,Escherichia coli,16.0,ug.mL-1,MIC
CHEMBL2367665,,CHEMBL354,Escherichia coli,8.0,ug.mL-1,MIC
CHEMBL265911,,CHEMBL354,Escherichia coli,128.0,ug.mL-1,MIC
CHEMBL8185,,CHEMBL354,Escherichia coli,4.0,ug.mL-1,MIC
CHEMBL7983,PROPYL GALLATE,CHEMBL354,Escherichia coli,1600.0,ug.mL-1,MIC
CHEMBL4,OFLOXACIN,CHEMBL354,Escherichia coli,0.1,ug.mL-1,MIC
CHEMBL4,OFLOXACIN,CHEMBL354,Escherichia coli,0.1,ug.mL-1,MIC
CHEMBL45933,,CHEMBL354,Escherichia coli,0.03,ug.mL-1,MIC
CHEMBL45933,,CHEMBL354,Escherichia coli,0.03,ug.mL-1,MIC
CHEMBL45892,,CHEMBL354,Escherichia coli,1.0,ug.mL-1,MIC
CHEMBL45892,,CHEMBL354,Escherichia coli,0.03,ug.mL-1,MIC
CHEMBL2367643,,CHEMBL354,Escherichia coli,4.0,ug.mL-1,MIC
CHEMBL9,NORFLOXACIN,CHEMBL354,Escherichia coli,0.0381,ug.mL-1,MIC
CHEMBL6231,AMIFLOXACIN,CHEMBL354,Escherichia coli,0.025,ug.mL-1,MIC
CHEMBL6231,AMIFLOXACIN,CHEMBL354,Escherichia coli,0.1,ug.mL-1,MIC
CHEMBL6209,MERAFLOXACIN,CHEMBL354,Escherichia coli,0.1,ug.mL-1,MIC
CHEMBL6209,MERAFLOXACIN,CHEMBL354,Escherichia coli,0.1,ug.mL-1,MIC
CHEMBL81034,,CHEMBL354,Escherichia coli,3.13,ug.mL-1,MIC
CHEMBL14949,,CHEMBL354,Escherichia coli,0.013,ug.mL-1,MIC
CHEMBL15472,,CHEMBL354,Escherichia coli,0.05,ug.mL-1,MIC
CHEMBL15361,,CHEMBL354,Escherichia coli,0.4,ug.mL-1,MIC
CHEMBL15350,,CHEMBL354,Escherichia coli,0.2,ug.mL-1,MIC
CHEMBL36658,,CHEMBL354,Escherichia coli,32.0,ug.mL-1,MIC
CHEMBL290791,,CHEMBL354,Escherichia coli,16.0,ug.mL-1,MIC
CHEMBL2367658,,CHEMBL354,Escherichia coli,8.0,ug.mL-1,MIC
CHEMBL175147,,CHEMBL354,Escherichia coli,0.3,ug.mL-1,MIC
CHEMBL6256,,CHEMBL354,Escherichia coli,0.2,ug.mL-1,MIC
CHEMBL6256,,CHEMBL354,Escherichia coli,0.2,ug.mL-1,MIC
CHEMBL312797,,CHEMBL354,Escherichia coli,0.2,ug.mL-1,MIC
CHEMBL47886,,CHEMBL354,Escherichia coli,0.125,ug.mL-1,MIC
CHEMBL47886,,CHEMBL354,Escherichia coli,0.06,ug.mL-1,MIC
CHEMBL8,CIPROFLOXACIN,CHEMBL354,Escherichia coli,0.05,ug.mL-1,MIC
CHEMBL15431,,CHEMBL354,Escherichia coli,0.4,ug.mL-1,MIC
CHEMBL35149,,CHEMBL354,Escherichia coli,8.0,ug.mL-1,MIC
CHEMBL2367641,,CHEMBL354,Escherichia coli,8.0,ug.mL-1,MIC
CHEMBL37399,,CHEMBL354,Escherichia coli,31.2,ug.mL-1,MIC
CHEMBL148,IMIPENEM ANHYDROUS,CHEMBL354,Escherichia coli,0.25,ug.mL-1,MIC
CHEMBL148,IMIPENEM ANHYDROUS,CHEMBL354,Escherichia coli,0.12,ug.mL-1,MIC
CHEMBL148,IMIPENEM ANHYDROUS,CHEMBL354,Escherichia coli,0.12,ug.mL-1,MIC
CHEMBL148,IMIPENEM ANHYDROUS,CHEMBL354,Escherichia coli,0.12,ug.mL-1,MIC
CHEMBL148,IMIPENEM ANHYDROUS,CHEMBL354,Escherichia coli,0.25,ug.mL-1,MIC
CHEMBL148,IMIPENEM ANHYDROUS,CHEMBL354,Escherichia coli,0.12,ug.mL-1,MIC
CHEMBL148,IMIPENEM ANHYDROUS,CHEMBL354,Escherichia coli,0.12,ug.mL-1,MIC
CHEMBL148,IMIPENEM ANHYDROUS,CHEMBL354,Escherichia coli,0.12,ug.mL-1,MIC
CHEMBL148,IMIPENEM ANHYDROUS,CHEMBL354,Escherichia coli,0.5,ug.mL-1,MIC
CHEMBL148,IMIPENEM ANHYDROUS,CHEMBL354,Escherichia coli,0.5,ug.mL-1,MIC
CHEMBL148,IMIPENEM ANHYDROUS,CHEMBL354,Escherichia coli,0.25,ug.mL-1,MIC
CHEMBL148,IMIPENEM ANHYDROUS,CHEMBL354,Escherichia coli,64.0,ug.mL-1,MIC
CHEMBL148,IMIPENEM ANHYDROUS,CHEMBL354,Escherichia coli,4.0,ug.mL-1,MIC
CHEMBL148,IMIPENEM ANHYDROUS,CHEMBL354,Escherichia coli,2.0,ug.mL-1,MIC
CHEMBL148,IMIPENEM ANHYDROUS,CHEMBL354,Escherichia coli,0.12,ug.mL-1,MIC
CHEMBL148,IMIPENEM ANHYDROUS,CHEMBL354,Escherichia coli,16.0,ug.mL-1,MIC
CHEMBL148,IMIPENEM ANHYDROUS,CHEMBL354,Escherichia coli,0.06,ug.mL-1,MIC
CHEMBL148,IMIPENEM ANHYDROUS,CHEMBL354,Escherichia coli,0.06,ug.mL-1,MIC
CHEMBL148,IMIPENEM ANHYDROUS,CHEMBL354,Escherichia coli,0.06,ug.mL-1,MIC
CHEMBL148,IMIPENEM ANHYDROUS,CHEMBL354,Escherichia coli,0.06,ug.mL-1,MIC
CHEMBL148,IMIPENEM ANHYDROUS,CHEMBL354,Escherichia coli,0.06,ug.mL-1,MIC
CHEMBL148,IMIPENEM ANHYDROUS,CHEMBL354,Escherichia coli,0.06,ug.mL-1,MIC
CHEMBL148,IMIPENEM ANHYDROUS,CHEMBL354,Escherichia coli,0.25,ug.mL-1,MIC
CHEMBL148,IMIPENEM ANHYDROUS,CHEMBL354,Escherichia coli,0.12,ug.mL-1,MIC
CHEMBL422238,,CHEMBL354,Escherichia coli,0.39,ug.mL-1,MIC
CHEMBL343114,,CHEMBL354,Escherichia coli,16.0,ug.mL-1,MIC
CHEMBL343114,,CHEMBL354,Escherichia coli,0.25,ug.mL-1,MIC
CHEMBL276516,,CHEMBL354,Escherichia coli,0.2,ug.mL-1,MIC
CHEMBL15247,,CHEMBL354,Escherichia coli,0.05,ug.mL-1,MIC
CHEMBL275830,,CHEMBL354,Escherichia coli,0.2,ug.mL-1,MIC
CHEMBL15164,,CHEMBL354,Escherichia coli,0.1,ug.mL-1,MIC
CHEMBL275358,,CHEMBL354,Escherichia coli,0.1,ug.mL-1,MIC
CHEMBL35037,,CHEMBL354,Escherichia coli,16.0,ug.mL-1,MIC
CHEMBL428144,,CHEMBL354,Escherichia coli,128.0,ug.mL-1,MIC
CHEMBL2367619,,CHEMBL354,Escherichia coli,128.0,ug.mL-1,MIC
CHEMBL6312,,CHEMBL354,Escherichia coli,0.1,ug.mL-1,MIC
CHEMBL6312,,CHEMBL354,Escherichia coli,0.2,ug.mL-1,MIC
CHEMBL82474,,CHEMBL354,Escherichia coli,0.3,ug.mL-1,MIC
CHEMBL138050,,CHEMBL354,Escherichia coli,32.0,ug.mL-1,MIC
CHEMBL138050,,CHEMBL354,Escherichia coli,4.0,ug.mL-1,MIC
CHEMBL48099,,CHEMBL354,Escherichia coli,0.25,ug.mL-1,MIC
CHEMBL48099,,CHEMBL354,Escherichia coli,0.03,ug.mL-1,MIC
CHEMBL15113,,CHEMBL354,Escherichia coli,0.1,ug.mL-1,MIC
CHEMBL15467,,CHEMBL354,Escherichia coli,0.1,ug.mL-1,MIC
CHEMBL15387,,CHEMBL354,Escherichia coli,0.4,ug.mL-1,MIC
CHEMBL2367633,,CHEMBL354,Escherichia coli,8.0,ug.mL-1,MIC
CHEMBL6262,,CHEMBL354,Escherichia coli,0.1,ug.mL-1,MIC
CHEMBL6262,,CHEMBL354,Escherichia coli,0.2,ug.mL-1,MIC
CHEMBL8185,,CHEMBL354,Escherichia coli,6.0,ug.mL-1,MIC
CHEMBL311986,,CHEMBL354,Escherichia coli,0.2,ug.mL-1,MIC
CHEMBL311916,,CHEMBL354,Escherichia coli,0.78,ug.mL-1,MIC
CHEMBL343104,,CHEMBL354,Escherichia coli,0.125,ug.mL-1,MIC
CHEMBL343104,,CHEMBL354,Escherichia coli,0.03,ug.mL-1,MIC
CHEMBL275412,,CHEMBL354,Escherichia coli,0.4,ug.mL-1,MIC
CHEMBL15129,,CHEMBL354,Escherichia coli,0.1,ug.mL-1,MIC
CHEMBL15417,,CHEMBL354,Escherichia coli,0.2,ug.mL-1,MIC
CHEMBL422939,,CHEMBL354,Escherichia coli,16.0,ug.mL-1,MIC
CHEMBL287698,,CHEMBL354,Escherichia coli,8.0,ug.mL-1,MIC
CHEMBL279584,,CHEMBL354,Escherichia coli,128.0,ug.mL-1,MIC
CHEMBL2367642,,CHEMBL354,Escherichia coli,4.0,ug.mL-1,MIC
CHEMBL2367600,,CHEMBL354,Escherichia coli,16.0,ug.mL-1,MIC
CHEMBL2367629,,CHEMBL354,Escherichia coli,16.0,ug.mL-1,MIC
CHEMBL6225,,CHEMBL354,Escherichia coli,0.8,ug.mL-1,MIC
CHEMBL6225,,CHEMBL354,Escherichia coli,0.8,ug.mL-1,MIC
CHEMBL265663,,CHEMBL354,Escherichia coli,0.4,ug.mL-1,MIC
CHEMBL265663,,CHEMBL354,Escherichia coli,0.8,ug.mL-1,MIC
CHEMBL410714,,CHEMBL354,Escherichia coli,1.0,ug.mL-1,MIC
CHEMBL410714,,CHEMBL354,Escherichia coli,2.0,ug.mL-1,MIC
CHEMBL410714,,CHEMBL354,Escherichia coli,2.0,ug.mL-1,MIC
CHEMBL410714,,CHEMBL354,Escherichia coli,2.0,ug.mL-1,MIC
CHEMBL410714,,CHEMBL354,Escherichia coli,2.0,ug.mL-1,MIC
CHEMBL410714,,CHEMBL354,Escherichia coli,2.0,ug.mL-1,MIC
CHEMBL410714,,CHEMBL354,Escherichia coli,2.0,ug.mL-1,MIC
CHEMBL410714,,CHEMBL354,Escherichia coli,2.0,ug.mL-1,MIC
CHEMBL410714,,CHEMBL354,Escherichia coli,8.0,ug.mL-1,MIC
CHEMBL410714,,CHEMBL354,Escherichia coli,16.0,ug.mL-1,MIC
CHEMBL410714,,CHEMBL354,Escherichia coli,16.0,ug.mL-1,MIC
CHEMBL410714,,CHEMBL354,Escherichia coli,8.0,ug.mL-1,MIC
CHEMBL410714,,CHEMBL354,Escherichia coli,8.0,ug.mL-1,MIC
CHEMBL410714,,CHEMBL354,Escherichia coli,64.0,ug.mL-1,MIC
CHEMBL410714,,CHEMBL354,Escherichia coli,0.06,ug.mL-1,MIC
CHEMBL410714,,CHEMBL354,Escherichia coli,64.0,ug.mL-1,MIC
CHEMBL410714,,CHEMBL354,Escherichia coli,0.006,ug.mL-1,MIC
CHEMBL410714,,CHEMBL354,Escherichia coli,1.0,ug.mL-1,MIC
CHEMBL410714,,CHEMBL354,Escherichia coli,2.0,ug.mL-1,MIC
CHEMBL410714,,CHEMBL354,Escherichia coli,1.0,ug.mL-1,MIC
CHEMBL410714,,CHEMBL354,Escherichia coli,1.0,ug.mL-1,MIC
CHEMBL410714,,CHEMBL354,Escherichia coli,4.0,ug.mL-1,MIC
CHEMBL410714,,CHEMBL354,Escherichia coli,16.0,ug.mL-1,MIC
CHEMBL410714,,CHEMBL354,Escherichia coli,16.0,ug.mL-1,MIC
CHEMBL312107,,CHEMBL354,Escherichia coli,0.075,ug.mL-1,MIC
CHEMBL367521,,CHEMBL354,Escherichia coli,0.1,ug.mL-1,MIC
CHEMBL312262,,CHEMBL354,Escherichia coli,50.0,ug.mL-1,MIC
